<EIFFEL_CLASS_DIAGRAM><VIEW IS_UML="False" NAME="DEFAULT:BON"><ANCESTOR_DEPTH>1</ANCESTOR_DEPTH><DESCENDANT_DEPTH>1</DESCENDANT_DEPTH><CLIENT_DEPTH>0</CLIENT_DEPTH><SUPPLIER_DEPTH>0</SUPPLIER_DEPTH><ALL_CLASSES_IN_CLUSTER>False</ALL_CLASSES_IN_CLUSTER><ONLY_CLASSES_IN_CLUSTER>False</ONLY_CLASSES_IN_CLUSTER><CENTER_CLASS_NAME>APPLICATION</CENTER_CLASS_NAME><CENTER_CLASS_GROUP_ID>2966C200-6DFA-437C-8A1F-27515068A9DF@chess@chess</CENTER_CLASS_GROUP_ID><INHERITANCE_LINKS_DISPLAYED>True</INHERITANCE_LINKS_DISPLAYED><CLIENT_LINKS_DISPLAYED>True</CLIENT_LINKS_DISPLAYED><LABELS_SHOWN>True</LABELS_SHOWN><CLUSTER_SHOWN>True</CLUSTER_SHOWN><HIGH_QUALITY>True</HIGH_QUALITY><LEGEND_SHOWN>False</LEGEND_SHOWN><LEGEND_X_POS>0</LEGEND_X_POS><LEGEND_Y_POS>0</LEGEND_Y_POS><IS_RIGHT_ANGLES>False</IS_RIGHT_ANGLES><SCALE_FACTOR>1</SCALE_FACTOR><ROOT_ELEMENTS><BON_CLASS_FIGURE CLUSTER_NAME="chess" GROUP_ID="2966C200-6DFA-437C-8A1F-27515068A9DF@chess@chess" CLASS_FIGURE_ID="FB38CCAB-52BA-4056-A94A-DC8DA7F9E5EB" NAME="APPLICATION"><IS_SELECTED>False</IS_SELECTED><IS_LABEL_SHOWN>True</IS_LABEL_SHOWN><IS_FIXED>True</IS_FIXED><PORT_X>120</PORT_X><PORT_Y>160</PORT_Y><IS_DEFAULT_BG_COLOR_USED>True</IS_DEFAULT_BG_COLOR_USED><IS_NEEDED_ON_DIAGRAM>True</IS_NEEDED_ON_DIAGRAM></BON_CLASS_FIGURE><BON_CLASS_FIGURE CLUSTER_NAME="elks" GROUP_ID="6D7FF712-BBA5-4AC0-AABF-2D9880493A01@base@elks" CLASS_FIGURE_ID="F7D564A1-25CB-49A1-B25A-7FF7E43DBBE1" NAME="ARGUMENTS"><IS_SELECTED>False</IS_SELECTED><IS_LABEL_SHOWN>True</IS_LABEL_SHOWN><IS_FIXED>False</IS_FIXED><PORT_X>121</PORT_X><PORT_Y>60</PORT_Y><IS_DEFAULT_BG_COLOR_USED>True</IS_DEFAULT_BG_COLOR_USED><IS_NEEDED_ON_DIAGRAM>True</IS_NEEDED_ON_DIAGRAM></BON_CLASS_FIGURE><BON_CLASS_FIGURE CLUSTER_NAME="chess" GROUP_ID="2966C200-6DFA-437C-8A1F-27515068A9DF@chess@chess" CLASS_FIGURE_ID="63E390E7-5EAF-4EE1-840D-95929754B67C" NAME="FIGURE"><IS_SELECTED>False</IS_SELECTED><IS_LABEL_SHOWN>True</IS_LABEL_SHOWN><IS_FIXED>False</IS_FIXED><PORT_X>148</PORT_X><PORT_Y>260</PORT_Y><IS_DEFAULT_BG_COLOR_USED>True</IS_DEFAULT_BG_COLOR_USED><IS_NEEDED_ON_DIAGRAM>True</IS_NEEDED_ON_DIAGRAM></BON_CLASS_FIGURE><BON_INHERITANCE_FIGURE TARGET="FB38CCAB-52BA-4056-A94A-DC8DA7F9E5EB" SOURCE="63E390E7-5EAF-4EE1-840D-95929754B67C"><IS_SELECTED>False</IS_SELECTED><IS_LABEL_SHOWN>False</IS_LABEL_SHOWN><IS_DIRECTED>True</IS_DIRECTED><EDGES></EDGES><LINE_WIDTH>2</LINE_WIDTH><LINE_COLOR>230;0;0</LINE_COLOR><IS_NEEDED_ON_DIAGRAM>True</IS_NEEDED_ON_DIAGRAM><REAL_LINE_WIDTH>200</REAL_LINE_WIDTH></BON_INHERITANCE_FIGURE><BON_CLIENT_SUPPLIER_FIGURE TARGET="63E390E7-5EAF-4EE1-840D-95929754B67C" SOURCE="FB38CCAB-52BA-4056-A94A-DC8DA7F9E5EB"><IS_SELECTED>False</IS_SELECTED><IS_LABEL_SHOWN>True</IS_LABEL_SHOWN><IS_DIRECTED>True</IS_DIRECTED><EDGES></EDGES><LINE_WIDTH>5</LINE_WIDTH><LINE_COLOR>69;166;11</LINE_COLOR><IS_LABEL_EXPANDED>False</IS_LABEL_EXPANDED><IS_NEEDED_ON_DIAGRAM>True</IS_NEEDED_ON_DIAGRAM><REAL_LINE_WIDTH>500</REAL_LINE_WIDTH><LABEL_POSITION>50</LABEL_POSITION><LABEL_START_NB>0</LABEL_START_NB><LABEL_END_NB>1</LABEL_END_NB><IS_LEFT>False</IS_LEFT></BON_CLIENT_SUPPLIER_FIGURE><BON_INHERITANCE_FIGURE TARGET="F7D564A1-25CB-49A1-B25A-7FF7E43DBBE1" SOURCE="FB38CCAB-52BA-4056-A94A-DC8DA7F9E5EB"><IS_SELECTED>False</IS_SELECTED><IS_LABEL_SHOWN>False</IS_LABEL_SHOWN><IS_DIRECTED>True</IS_DIRECTED><EDGES></EDGES><LINE_WIDTH>2</LINE_WIDTH><LINE_COLOR>230;0;0</LINE_COLOR><IS_NEEDED_ON_DIAGRAM>True</IS_NEEDED_ON_DIAGRAM><REAL_LINE_WIDTH>200</REAL_LINE_WIDTH></BON_INHERITANCE_FIGURE></ROOT_ELEMENTS></VIEW></EIFFEL_CLASS_DIAGRAM>