<?xml version="1.0"?>

<!DOCTYPE city SYSTEM "city.dtd">

<city name="Zurich">

	<station name="Baeckeranlage" x="-1100" y="50"/>
	<station name="Bahnhof Enge" x="-700" y="-1250"/>
	<station name="Bahnhof Selnau" x="-600" y="-600"/>
	<station name="Bahnhof Stadelhofen" x="350" y="-1200"/>
	<station name="Bahnhof Wiedikon" x="-1050" y="-500"/>
	<station name="Bahnhofplatz/HB" x="-200" y="0"/>
	<station name="Bahnhofquai/HB" x="0" y="50"/>
	<station name="Bahnhofstrasse/HB" x="-150" y="-100"/>
	<station name="Bellevue" x="120" y="-1000"/>
	<station name="Boersenstrasse" x="-140" y="-900"/>
	<station name="Buerkliplatz" x="-100" y="-1000"/>
	<station name="Central" x="100" y="0"/>
	<station name="ETH/Universitaetsspital" x="320" y="20"/>
	<station name="Gueterbahnhof" x="-1220" y="150"/>
	<station name="Haldenegg" x="120" y="300"/>
	<station name="Haldenbach" x="300" y="350"/>
	<station name="Helmhaus" x="100" y="-700"/>
	<station name="Helvetiaplatz" x="-850" y="-190"/>
	<station name="Hardplatz" x="-1420" y="270"/>
	<station name="Kanonengasse" x="-650" y="50"/>
	<station name="Kantonsschule" x="450" y="-400"/>
	<station name="Kirche Fluntern" x="1100" y="100"/>
	<station name="Kreuzplatz" x="650" y="-1450"/>
	<station name="Kunsthaus" x="320" y="-680"/>
	<station name="Loewenplatz" x="-300" y="-110"/>
	<station name="Militaer/Langstrasse" x="-800" y="120"/>
	<station name="Neumarkt" x="300" y="-400"/>
	<station name="Opernhaus" x="300" y="-1400"/>
	<station name="Paradeplatz" x="-120" y="-700"/>
	<station name="Platte" x="540" y="-200"/>
	<station name="Polyterrasse" x="220" y="-50"/>
	<station name="Rathaus" x="100" y="-500"/>
	<station name="Rennweg" x="-200" y="-350"/>
	<station name="Rentenanstalt" x="-450" y="-1300"/>
	<station name="Rudolf-Brun-Bruecke" x="100" y="-300"/>
	<station name="Sihlquai/HB" x="-250" y="300"/>
	<station name="Sihlpost" x="-450" y="-100"/>
	<station name="Sihlstrasse" x="-450" y="-400"/>
	<station name="Sonneggstrasse" x="100" y="600"/>
	<station name="Sprecherstrasse" x="550" y="-950"/>
	<station name="Stampfenbachplatz" x="60" y="350"/>
	<station name="Stauffacher" x="-750" y="-350"/>
	<station name="Stockerstrasse" x="-450" y="-900"/>
	<station name="Tunnelstrasse" x="-600" y="-1050"/>
	<station name="Voltastrasse" x="700" y="20"/>
	<station name="Werd" x="-900" y="-400"/>

	<transport name="tram" color="ed1c24" icon="../image/tram.png"/>
	<transport name="bus" color="74beea" icon="../image/bus.png"/>
	<transport name="cable car" color="808080" icon="../image/cable.png"/>

	<line name="2" kind="tram" color="ed1c24">
		<stop name="Stauffacher"/>
		<stop name="Sihlstrasse"/>
		<stop name="Paradeplatz"/>
		<stop name="Boersenstrasse"/>
		<stop name="Buerkliplatz"/>
		<stop name="Bellevue"/>
		<stop name="Opernhaus"/>
	</line>
	<line name="3" kind="tram" color="00ac4f">
		<stop name="Stauffacher"/>
		<stop name="Sihlpost"/>
		<stop name="Loewenplatz"/>
		<stop name="Bahnhofplatz/HB"/>
		<stop name="Central"/>
		<stop name="Neumarkt"/>
		<stop name="Kunsthaus"/>
	</line>
	<line name="4" kind="tram" color="49479d">
		<stop name="Sihlquai/HB"/>
		<stop name="Bahnhofquai/HB"/>
		<stop name="Central"/>
		<stop name="Rudolf-Brun-Bruecke"/>
		<stop name="Rathaus"/>
		<stop name="Helmhaus"/>
		<stop name="Bellevue"/>
		<stop name="Opernhaus"/>
	</line>
	<line name="5" kind="tram" color="946338">
		<stop name="Kirche Fluntern"/>
		<stop name="Voltastrasse"/>
		<stop name="Platte"/>
		<stop name="Kantonsschule"/>
		<stop name="Kunsthaus"/>
		<stop name="Bellevue"/>
		<stop name="Buerkliplatz"/>
		<stop name="Rentenanstalt"/>
		<stop name="Bahnhof Enge"/>
	</line>
	<line name="6" kind="tram" color="d99f4f">
		<stop name="Kirche Fluntern"/>
		<stop name="Voltastrasse"/>
		<stop name="Platte"/>
		<stop name="ETH/Universitaetsspital"/>
		<stop name="Haldenegg"/>
		<stop name="Central"/>
		<stop name="Bahnhofstrasse/HB"/>
		<stop name="Rennweg"/>
		<stop name="Paradeplatz"/>
		<stop name="Stockerstrasse"/>
		<stop name="Tunnelstrasse"/>
		<stop name="Bahnhof Enge"/>
	</line>
	<line name="7" kind="tram" color="231f20">
		<stop name="Sonneggstrasse"/>
		<stop name="Haldenegg"/>
		<stop name="Central"/>
		<stop name="Bahnhofstrasse/HB"/>
		<stop name="Rennweg"/>
		<stop name="Paradeplatz"/>
		<stop name="Stockerstrasse"/>
		<stop name="Tunnelstrasse"/>
		<stop name="Bahnhof Enge"/>
	</line>
	<line name="8" kind="tram" color="a6ce39">
		<stop name="Hardplatz"/>
		<stop name="Gueterbahnhof"/>
		<stop name="Baeckeranlage"/>
		<stop name="Helvetiaplatz"/>
		<stop name="Stauffacher"/>
		<stop name="Bahnhof Selnau"/>
		<stop name="Stockerstrasse"/>
		<stop name="Paradeplatz"/>
		<stop name="Boersenstrasse"/>
		<stop name="Buerkliplatz"/>
		<stop name="Bellevue"/>
		<stop name="Kunsthaus"/>
	</line>
	<line name="9" kind="tram" color="49479d">
		<stop name="Haldenbach"/>
		<stop name="ETH/Universitaetsspital"/>
		<stop name="Kantonsschule"/>
		<stop name="Kunsthaus"/>
		<stop name="Bellevue"/>
		<stop name="Buerkliplatz"/>
		<stop name="Boersenstrasse"/>
		<stop name="Paradeplatz"/>
		<stop name="Sihlstrasse"/>
		<stop name="Stauffacher"/>
		<stop name="Werd"/>
		<stop name="Bahnhof Wiedikon"/>
	</line>
	<line name="10" kind="tram" color="ee3897">
		<stop name="Haldenbach"/>
		<stop name="ETH/Universitaetsspital"/>
		<stop name="Haldenegg"/>
		<stop name="Central"/>
		<stop name="Bahnhofplatz/HB"/>
	</line>
	<line name="11" kind="tram" color="00ac4f">
		<stop name="Stampfenbachplatz"/>
		<stop name="Bahnhofquai/HB"/>
		<stop name="Bahnhofstrasse/HB"/>
		<stop name="Rennweg"/>
		<stop name="Paradeplatz"/>
		<stop name="Boersenstrasse"/>
		<stop name="Buerkliplatz"/>
		<stop name="Bellevue"/>
		<stop name="Bahnhof Stadelhofen"/>
		<stop name="Kreuzplatz"/>
	</line>
	<line name="13" kind="tram" color="ffd503">
		<stop name="Sihlquai/HB"/>
		<stop name="Bahnhofquai/HB"/>
		<stop name="Bahnhofstrasse/HB"/>
		<stop name="Rennweg"/>
		<stop name="Paradeplatz"/>
		<stop name="Stockerstrasse"/>
		<stop name="Tunnelstrasse"/>
	</line>
	<line name="14" kind="tram" color="00aeef">
		<stop name="Stampfenbachplatz"/>
		<stop name="Bahnhofquai/HB"/>
		<stop name="Bahnhofplatz/HB"/>
		<stop name="Loewenplatz"/>
		<stop name="Sihlpost"/>
		<stop name="Stauffacher"/>
		<stop name="Werd"/>
		<stop name="Bahnhof Wiedikon"/>
	</line>
	<line name="15" kind="tram" color="ed1c24">
		<stop name="Sonneggstrasse"/>
		<stop name="Haldenegg"/>
		<stop name="Central"/>
		<stop name="Rudolf-Brun-Bruecke"/>
		<stop name="Rathaus"/>
		<stop name="Helmhaus"/>
		<stop name="Bellevue"/>
		<stop name="Bahnhof Stadelhofen"/>
		<stop name="Kreuzplatz"/>
	</line>
	<line name="24" kind="cable car">
		<stop name="Central"/>
		<stop name="Polyterrasse"/>
	</line>
	<line name="31" kind="bus" color="979fce">
		<stop name="Hardplatz"/>
		<stop name="Gueterbahnhof"/>
		<stop name="Baeckeranlage"/>
		<stop name="Militaer/Langstrasse"/>
		<stop name="Kanonengasse"/>
		<stop name="Sihlpost"/>
		<stop name="Loewenplatz"/>
		<stop name="Bahnhofplatz/HB"/>
		<stop name="Central"/>
		<stop name="Neumarkt"/>
		<stop name="Kunsthaus"/>
		<stop name="Sprecherstrasse"/>
		<stop name="Kreuzplatz"/>
	</line>

</city>